,overall_acc,bal_acc,avg_odds_diff,disp_imp,stat_par_diff,eq_opp_diff,theil_ind,fitness_rule,method
0,0.8328358208955224,0.7245130756164926,0.10520414274300141,0.2865813523000095,0.16081887666502864,0.14780585517085182,0.1480850977001313,linear_all,meta_fair_classifier_fdr_initializer
1,0.8437810945273632,0.7515134330947155,0.02505239224865985,0.5252708817142638,0.10736443971681002,0.08331826128896125,0.12882719343381596,linear_all,prejudice_remover_initializer
2,0.8486456605859591,0.7682398809372045,0.026976465757328292,0.41664716697309045,0.14702388474661948,0.00946078898092606,0.12359129976051837,linear_all,fair_mlp_initializer
