,overall_acc,bal_acc,avg_odds_diff,disp_imp,stat_par_diff,eq_opp_diff,theil_ind,method
2,0.8455500276395799,0.7694929095877028,0.10384787381572089,0.28626329821364405,0.19817570444617064,0.12258022106285893,0.1220751886820633,MLP (baseline)
0,0.8416804864566059,0.7506489883919241,0.0758851993708008,0.311100757134537,0.17194107956197308,0.08020348075900541,0.13237758800642063,Meta Fair Classifier
1,0.8407960199004975,0.7490010885639973,0.04477122774451931,0.5648823725660674,0.09681844235577189,0.11437807473878525,0.13490680099519475,Prejudice Remover
2,0.8391376451077943,0.715515064803905,0.03958620384934547,0.36412245942725363,0.11470041346163114,0.05052787006275378,0.15580397711434693,Fair Transition Loss